et,et
"sum,es,esse,fui","se trouver,�tre,il y a,�tre r�ellement,appartenir �"
"qui,quae,quod","qui,que,quoi,dont,o�"
in,"dans,en,sur,contre,vers,pour"
que,"et,tout"
non,"non,ne pas,pas un"
"is,ea,id","il,le,la,lui,elle,ce,celui,cet,celle"
"hic,haec,hoc",celui-ci
"ille,illa,illud","celui-l�,celle-l�,cela"
ad,"vers,pr�s de"
sui,"soi,d'eux,d'elles"
tu,"tu,toi"
sed,"d'autre part,mais"
"omnis,omne","tout,n'importe quel"
"sum,es,esse,fui",�tre
"quis,quae,quid","qui,quel"
si,si
ego,"moi,je"
ab,"depuis,de,� partir de,de chez,du c�t� de,de la part de,apr�s,�,par,contre,sous le rapport de,par l'interm�diaire de,pr�pos� �,en faveur de,d�s"
ut,"afin que,de sorte que,� supposer que,quand,comme,que"
nec,"et ne pas,ni"
"possum,potes,potui",pouvoir
"ipse,ipsa,ipsum",lui-m�me
ex,"hors de,� partir de,d'apr�s"
cum,"quand,alors que,puisque"
"suus,sua,suum","son,sa ses,leur"
aut,ou
"magnus,magna,magnum",grand
quam,que
"facio,facis,facere,feci,factum","poser,placer,faire,travailler"
"res,rei","bien,propri�t�,int�r�t,action,chose"
ac,"et d'autre part,et qui plus est,et pourtant,et"
"dico,dicis,dicere,dixi,dictum","dire,d�signer"
"do,das,dare,dedi,datum","donner,produire,publier"
"habeo,habes,habere,habui,habitum","tenir,poss�der,avoir"
"alius,alia,aliud",autre
"video,vides,videre,visi,visum","voir,comprendre"
per,"� travers,pendant"
"animus,animi","courage,d�sir"
cum,avec
atque,"et d'autre part,et qui plus est,et pourtant,et"
"multus,multa,multum","beaucoup,en quantit�,nombreux"
jam,"maintenant,d�j�,d�sormais,bient�t,oui"
de,"de,hors de,du haut de,par,au sujet de"
enim,en effet
"idem,eadem,idem",le m�me
"nihil,nullius rei","pas une chose,rien"
nos,nous
"nullus,nulla,nullum","nul,pas un,mort"
"rex,regis","roi,celui qui dirige,celui qui pr�side"
"meus,mea,meum","mon,ma,mes"
"tuus,tua,tuum","ton,ta,tes"
inter,"� l'int�rieur,entre,parmi,durant"
"locus,loci","lieu,place,passage,sujet,situation"
etiam,"encore,m�me"
"deus,dei",dieu
quod,parce que
"unus,una,unum","un,un seul,ensemble,en m�me temps"
"fero,fers,ferre,tuli,latum","porter,produire,supporter,rapporter,emporter,voler"
"pars,partis","pars,partie,c�t�,r�le,fonction,parti"
"dies,diei",jour
tamen,"cependant,n�anmoins"
"volo,vis,velle,volui","vouloir,consentir"
"bonus,bona,bonum",bon
ut,"que,de,pour"
"manus,manus","main,poign�e d'hommes"
"aliquis,aliqua,aliquid","quelqu'autre,quelqu'un"
neque,"et ne pas,ni"
"noster,nostra,nostrum",n�tre
quoque,"aussi,�galement"
"homo,hominis",homme
"ago,agis,agere,egi,actum","pousser,agir,faire,s'avancer,s'occuper,plaider,sacrifier,discuter"
"hostis,hostis","�tranger,h�te,ennemi"
nunc,"maintenant,� pr�sent,donc"
magis,"plus,plut�t"
"venio,venis,venire,veni,ventum",venir
"iste,ista,istud","ce,cette,cet,ces,celui-l�,celle-l�,cela"
ne,"pour que ne pas,de peur que,pour �viter que"
"corpus,corporis","corps,d�pouille"
"vita,vitae",vie
"bellum,belli",
nam,"en v�rit�,� ce propos,car"
"urbs,urbis","ville,Rome"
"tempus,temporis","temps,moment,saison,occasion"
"jubeo,jubes,jubere,jussi,jussum","ordonner,d�cider,autoriser,inviter �"
autem,"d'autre part,quant �,du moins"
"virtus,virtutis","force,qualit�,m�rite,vertu"
"pater,patris",p�re
ita,ainsi
"quidam,quaedam,quiddam,quoddam","un certain,certain"
quia,parce que
sine,si au contraire
sic,ainsi
"vir,viri","homme,mari,h�ros,soldat"
"accipio,accipis,accipere,accepi,acceptum",recevoir
tam,autant
"causa,causae","motif,cause,proc�s,affaire,chose"
an,"si � ne pas,est-ce que vraiment,est-ce que par hasard,si,si � ou si,est-ce que � ou bien"
nisi,"si ne pas,� moins que,except�"
at,"d'autre part,quant �,du moins"
quidem,"certes,assur�ment,en v�rit�,mais du moins"
"totus,tota,totum","tout entier,total,tout,plein"
et,m�me
"peto,petis,petere,petivi,petitum","se pr�cipiter vers,se diriger vers,r�clamer,demander,rechercher"
"domus,domus",maison
"vis,vim","force,violence,puissance,vertu,nombre,troupes"
"mors,mortis",mort
"bonum,boni","le bien,son bien"
"malum,mali",mal
tum,alors
"terra,terrae","terre,pays"
"primus,prima,primum","premier,le premier de tous"
"superus,supera,superum",qui est haut dessus
pro,"sur le devant de,� la place de,pour,proportionnellement �,selon,dans la mesure de"
ergo,"en cons�quence de,donc"
"fortuna,fortunae","fortune,chance,malheur"
"quis,quae,quid","qui,quelqu'un"
"mitto,mittis,mittere,misi,missum","laisser partir,rel�cher,cesser de,envoyer,mettre"
deinde,"ensuite,puis"
"arma,armorum",armes
"beneficium,beneficii",bienfait
"credo,credis,credere,credidi,cr�ditum","pr�ter,croire,se fier �"
"tantus,tanta,tantum",aussi grand
"sequor,sequeris,sequi,secutus sum","suivre,s'attacher �,s'ensuivre"
"miles,militis","soldat,guerrier"
"populus,populi",peuple
"quaero,quaeris,quaerere,quaesi,quaesitum","rechercher,enqu�ter,chercher �,demander"
"debeo,debes,debere,debui,debitum","devoir,tenir de quelqu'un"
"inquam,inquis,inquit,inquiunt","dis-je,dis-tu,dit-il,disent-ils"
itaque,"et ainsi,c'est pourquoi,aussi"
"vinco,vincis,vincere,vici,victum",vaincre
dum,"aussi longtemps que,jusqu'� ce que,pendant que,pourvu que"
"fio,fieri,factus sum","arriver,survenir,devenir"
"natura,naturae",nature
apud,"aupr�s de,chez"
"pono,ponis,ponere,posui,positum","mettre � l'�cart,abandonner,poser,placer"
"alter,altera,alterum","l'autre,le second,le suivant"
"nomen,nominis","nom,pr�texte"
"eo,is,ire,ivi,ii,itum",aller
"capio,capis,capere,cepi,captum","prendre,concevoir"
"scio,scis,scire,scivi,scitum","savoir,�tre au courant"
modo,"justement,dans la mesure,seulement,� l'instant"
ne,ne pas
"nemo,neminis",personne
"puto,putas,putare,putavi,putatum","mettre au net,�monder,�purer,calculer,estimer,penser,juger"
"quisquis,quidquid",qui que ce soit qui
"quisquis,quidquid",n'importe qui
"teneo,tenes,tenere,tenui,tentum","tenir,occuper,arr�ter,comprendre,durer,persister"
"vivo,vivis,vivere,vixi,victum",vivre
"relinquo,relinquis,relinquere,reliqui,relictum","laisser en arri�re,abandonner"
parum,"peu,trop peu"
"mare,maris",mer
"audio,audis,audire,audivi,auditum","entendre,comprendre"
"consilium,consilii","assembl�e,d�cision,projet,dessein"
"imperium,imperii","commandement,empire,pouvoir"
saepe,souvent
"annus,anni","an,ann�e"
"novus,nova,novum","nouveau,neuf"
"castra,castrorum","camp,campement,jour de marche"
"mos,moris","coutume,mani�re,usage,caract�re,humeur"
"modus,modi","mesure,mode,mod�ration,limite,mani�re,fa�on"
"refero,refers,referre,retuli,relatum",rapporter
sub,"sous,au pied de"
"gravis,gravis,grave","lourd,s�rieux"
"nox,noctis",nuit
"exercitus,exercitus","exercice,soldats,arm�e"
"duco,ducis,ducere,duxi,ductum","conduire,juger,estimer"
"parvus,parva,parvum",petit
"genus,generis","naissance,race,noblesse,genre,esp�ce"
"reddo,reddis,reddere,reddidi,redditum",rendre
"voco,vocas,vocare,vocavi,vocatum","invoquer,appeler,provoquer,citer en justice"
"caput,capitis","chef,t�te"
"regnum,regni","autorit� royale,empire,r�gne,royaume"
"ratio,rationis","compte,jugement,raison,doctrine,mani�re"
"timeo,times,timere,timui,timetum",craindre
"ira,irae",col�re
"ullus,ulla,ullum",quelqu'un
"fides,fidei","croyance,foi,engagement"
semper,"toujours,chaque fois"
ubi,quand
"gens,gentis","clan,famille,peuple"
"patior,patieris,pati,passus sum","souffrir,supporter,permettre"
"quisquam,quaequam,quidquam","quelqu'un,aucun"
"vox,vocis","voix,son,parole,mot"
"caelum,caeli",ciel
"amicus,amici",ami
licet,il est permis
"periculum,periculi","essai,�preuve,risque,danger,p�ril"
"spes,spei","espoir,attente"
tantum,"tant,autant,tel que,tellement"
"longus,longa,longum","long,�tendu,qui dure longtemps"
"verbum,verbi","mot,verbe"
"metus,metus","crainte,peur,contrainte"
"mater,matris",m�re
"dolor,doloris",douleur
"amor,amoris","amour,amiti�"
"mens,mentis","pens�e,intention,intelligence,esprit"
"mille,milia,millia,millium",mille
"miser,misera,miserum","malheureux,qui rend malheureux,excessif"
"iter,itineris","marche,chemin"
"scelus,sceleris","crime,souillure"
vel,"si tu veux,ou bien,m�me,peut-�tre"
"finis,finis","borne,fronti�re,fin,but"
"eques,equitis","cavalier,chevalier"
"princeps,principis","chef,empereur,premier,prince"
"moveo,moves,movere,movi,motum","mettre en mouvement,mouvoir,exciter"
"respublica,reipublicae","les affaires de l'�tat,r�publique,chose publique"
"senatus,senatus","s�nat,assembl�e des anciens"
"medius,media,medium","au milieu,du milieu"
"sto,stas,stare,steti,statum","�tre debout,�tre immobile,demeurer ferme,tenir"
"ignis,ignis","feu,astre,�clair,flamme"
haud,"ne pas,vraiment pas"
quam,combien
"ingens,ingentis","immense,grand,d�mesur�,vaste"
"oculus,oculi",�il
post,"apr�s,depuis,derri�re"
"cura,curae","soin,souci,administration,traitement"
"malus,mala,malum","mauvais,m�chant"
o,�
"uterque,utraque,utrumque",l'un et l'autre de deux
"civitas,civitatis","citoyens,cit�,droit de cit�,ville"
"solus,sola,solum","seul,isol�"
"consul,consulis",consul
"dux,ducis","guide,berger,g�n�ral"
simul,en m�me temps
"os,oris","bouche,embouchure,entr�e,visage"
"labor,laboris","travailler,labourer,�tre � la peine,s'inqui�ter"
"lex,legis","loi,pr�cepte,r�gle"
bene,bien
"copia,copiae","abondance,troupe"
"gero,geris,gerere,gessi,gestum","porter sur soi,prendre en charge,faire,ex�cuter"
"talis,talis,tale",tel
"trado,tradis,tradere,tradidi,traditum","transmettre,trahir"
"fugio,fugis,fugere,fugi,fugiturus",fuir
numquam,"jamais,ne jamais"
"coepio,coepis,coepere",commencer
primum,premi�rement
igitur,donc
"legio,legionis","choix,l�gion"
"paro,paras,parare,paravi,paratum","se procurer,pr�parer"
"pes,pedis",pied
"ars,artis","art,habilet�,talent"
"filius,filii",fils
"traho,trahis,trahere,traxi,tractum","tra�ner,entra�ner,tirer,�tirer,filer,avaler,prolonger"
"utor,uteris,uti,usus sum","user,se servir de,avoir,jouir de"
"cogo,cogis,cogere,coegi,coactum","mener ensemble,rassembler,forcer �,pousser �"
"signum,signi","signe,signal,enseigne,statue"
"parens,parentis","p�re,m�re,parent"
"soleo,soles,solere,solui,solitum",avoir coutume de
"via,viae","voie,route,chemin,ligne"
"vitium,vitii","d�faut,faute,vice"
ante,"avant,auparavant,devant"
tot,autant
"recipio,recipis,recipere,recepi,receptum","reprendre,accepter,recevoir,admettre"
"honor,honoris","honneur,charge honorifique"
"poena,poenae","compensation,ran�on,amende,expiation,punition,ch�timent,chagrin,peine"
"frater,fratris",fr�re
vero,"mais,quant �"
"fama,famae","renomm�e,r�putation"
"injuria,injuriae","injustice,tort,ill�galit�,injure"
"fatum,fati","destin�e,destin"
"par,par,paris","pair,�gal,compagnon"
"inuenio,invenis,invenire,inveni,inventum","venir dans,rencontrer,trouver,inventer,d�couvrir"
"cado,cadis,cadere,cecidi,casurus","choir,tomber"
"cognosco,cognoscis,cognoscere,cognovi,cognotum","prendre connaissance de,conna�tre"
"aetas,aetatis","�ge,dur�e de la vie,dur�e"
"gratia,gratiae","reconnaissance,cr�dit,influence,acte digne de reconnaissance"
"propior,propioris,propius",plus proche
"altus,alta,altum","haut,profond"
"voluptas,voluptatis",plaisir
"sanguis,sanguinis",sang
"levis,levis,leve",l�ger
"equus,equi",cheval
"vester,vestra,vestrum","v�tre,vos"
"pervenio,pervenis,pervenire,perveni,perventum",parvenir
"vultus,vultus",visage
"placeo,places,placere,placui,placitum","sembler bon,�tre d�cid�,plaire"
"proelium,proelii",combat
"alienus,aliena,alienum","�tranger,qui appartient � un autre"
"nascor,nasceris,nasci,natus sum",na�tre
"humanus,humana,humanum",humain
"morior,morieris,mori,mortuus sum",mourir
tunc,"alors,� ce moment-l�"
"certus,certa,certum","d�cid�,fix�"
"opus,operis","travail,ouvrage,oeuvre"
"mons,montis","mont,montagne"
"numerus,numeri","nombre,rang,cat�gorie"
hinc,d'ici
"jus,juris","droit,justice,tribunal,magistrat,formule rituelle"
"pectus,pectus","poitrine,c�ur"
"sapiens,sapientis",sage
"telum,teli","javelot,trait,fl�che,arme"
"puer,pueri","enfant,esclave,gar�on"
multum,beaucoup
"aqua,aquae",eau
"audeo,audes,audere,ausus sum","�tre d�sireux de,oser"
"flumen,fluminis","courant,fleuve"
"legatus,legati","l�gat,envoy�,ambassadeur"
"fortis,fortis,forte","courageux,fort"
satius,"pr�f�rable,mieux"
eo,jusque-l�
"ingenium,ingenii","disposition naturelle,g�nie"
"ops,opis","abondance,bien,richesse,aide"
hic,"ici,� cet endroit-ci"
"gloria,gloriae",gloire
"sentio,sentis,sentire,sensi,sensum","�prouver un sentiment,�prouver une sensation,sentir,�tre d'avis,voter,d�cider"
adversus,"contre,en face de"
diu,longtemps
"ostendo,ostendis,ostendere,ostendi,ostentum,ostensum","tendre devant,montrer"
"dignus,digna,dignum","digne,convenable,m�ritant"
"cunctus,cuncta,cunctum",tout entier
"prosum,prodes,prodesse,profui",�tre utile
inde,"de l�,� partir de l�"
"agmen,agminis",arm�e en marche
ne,est-ce que
"verto,vertis,vertere,verti,versum","tourner,retourner,changer,convertir,traduire"
"nego,negas,negare,negavi,negatum","nier,refuser,dire non"
ob,"au devant de,contre,� cause de,en �change de"
"ferrum,ferri","fer,�p�e"
"loquor,loqueris,loqui,locutus sum","dire,parler"
"premo,premis,premere,pressi,pressum","imprimer,compresser,presser,serrer"
"conjux,conjugis","�poux,�pouse"
"jaceo,jaces,jacere,jacui,jaciturus","�tre gisant,�tre �tendu,abattu"
"pereo,peris,perire,perii,peritum",p�rir
"liberi,liberorum",enfants libres
"muto,mutas,mutare,mutavi,mutatum","changer,se d�placer"
"navis,navis",navire
"vetus,veteris","vieux,vieil"
"transeo,transis,transire,transii,transitum",traverser
"servo,servas,servare,servavi,servatum","surveiller,garder,conserver"
"intelligo,intelligis,intelligere,intellegi,intellectum","comprendre,conna�tre,s'apercevoir"
"silva,silvae",for�t
"adsum,adsum,ades,adesse,adfui","�tre pr�sent,�tre l�,assister"
"laetus,laeta,laetum","gras,joyeux,heureux"
"impetus,impetus","impulsion,assaut"
"praesto,praestas,praestare,praestiti,praestatum","�tre � la disposition,fournir,pr�ter,l'emporter sur,se tenir en t�te"
"beatus,beata,beatum",heureux
"ager,agri",champ cultiv�
"tollo,tollis,tollere,sustuli,sublatum","porter,supporter,soulever,enlever,d�truire"
ante,"avant,devant,en face de"
"studium,studii","application,z�le,�tude"
"redeo,redis,redire,redii,reditum",revenir
"singulus,singula,singulum",un par un
adhuc,"jusqu'� maintenant,encore maintenant,jusqu'ici"
"excipio,excipis,excipere,excepi,exceptum","tirer de,choisir"
"usus,usus","usage,utilit�"
"acies,aciei","pointe,front,ligne de bataille"
"cedo,cedis,cedere,cessi,cessum","marcher,passer �,donner,accorder"
"cogito,cogitas,cogitare,cogitavi,cogitatum","remuer,penser"
"sui,suorum","les siens,ses parents"
"vulnus,vulneris",blessure
"fuga,fugae","fuite,fugue"
postquam,apr�s que
"munus,muneris","fonction officielle,charge,pr�sent,cadeau"
"pecunia,pecuniae",richesse
"libertas,libertatis",libert�
contra,"en face de,contre"
"pax,pacis","paix,fixation,bienveillance"
"casus,casus","chute,accident,malheur,hasard"
ceterum,"du reste,mais"
"civis,civis",citoyen
"publicus,publica,publicum","public,qui concerne l'�tat"
"exspecto,exspectas,exspectare,exspectavi,exspectatum","regarder,attendre"
"judico,judicas,judicare,judicavi,judicatum",juger
"lux,lucis","lumi�re,jour"
"ordo,ordinis","ordre,rang�e"
velut,comme
"sol,solis",soleil
"juvenis,juvenis",jeune homme
"multi,multae,multa","nombreux,beaucoup de"
"spatium,spatii","espace,�tendue,distance,intervalle"
longe ,"en longueur,loin,longuement,beaucoup,de loin"
"unda,undae","eau,onde,flot,temp�te"
"animal,animalis","�tre vivant,animal"
"quicumque,quaecumque,quodcumque",qui que ce soit qui
"eripio,eripis,eripere,eripui,ereptum","enlever,faire dispara�tre,tirer,arracher,soustraire"
"paucus,pauca,paucum",peu de
"respondeo,respondes,respondere,respondi,responsum","s'engager,engager,r�pondre"
"colo,colis,colere,colui,cultum","cultiver,habiter,prot�ger,ch�rir,honorer"
"litus,litoris","littoral,rive"
"rapio,rapis,rapire,rapui,raptum","emporter violamment,ravir"
"tristis,tristis,triste","sinistre,amer,funeste,triste"
"patria,patriae",patrie
"aio,ais","dire oui, affirmer"
"aurum,auri",or
"durus,dura,durum",dur
"servus,servi","esclave,gardien"
"existimo,existimas,existimare,existimavi,existimatum","juger,croire,appr�cier"
"carmen,carminis","formule magique,vers,chant"
"turba,turbae",foule
"nolo,non vis,nolle,nolui",ne pas vouloir
"victor,victoris",vainqueur
"cursus,cursus","course,parcours,cours"
"desum,dees,deesse,defui","manquer,faire d�faut"
"solvo,solvis,solvere,solui,solutum","d�lier,d�tacher,s'acquitter,r�soudre,dissoudre,payer"
vix,"avec peine,� peine"
"laudo,laudis,laudare,laudavi,laudatum","louer,faire l'�loge de"
"occupo,occupas,occupare,occupavi,occupatum",occuper
sive,"soit que,soit que"
"tutus,tuta,tutum","protecteur,prot�g�"
"amitto,amittis,amittere,amisi,amissum","laisser s'�loigner,perdre"
"doceo,doces,docere,docui,doctum","enseigner,apprendre aux autres"
"nosco,noscis,noscere,novi,notum","prendre connaissance de,conna�tre"
"saevus,saeva,saevum","emport�,furieux,f�roce,cruel"
"quantus,quanta,quantum",combien grand
"efficio,efficis,efficere,effeci,effectum","achever,produire"
"exemplum,exempli","exemple,mod�le"
"maneo,manes,manere,mansi,mansum","rester,attendre"
"natus,nata,natum",n�
"provincia,provinciae","charge publique,province,territoire conquis,fonction,mission"
"sententia,sententiae","sentence,avis,phrase"
mox,bient�t
"praesidium,praesidii","d�fense,garnison,appui"
"adjicio,adjicis,adjicere,adjecti,adjectum","jeter vers,ajouter"
"honestus,honesta,honestum","honor�,honn�te,honorable"
"saxum,saxi","roche,pierre"
"verus,vera,verum","vrai,v�ritable,r�el,sinc�re"
"gratus,grata,gratum","digne de reconnaissance,reconnaissant"
"memoria,memoriae","m�moire;souvenir,tradition"
"mundus,mundi","trousseau,toilette,ornement,monde"
"salus,salutis",salut
"similis,similis,simile",semblable
ve,"ou,et"
tamquam,"comme,pour ainsi dire"
"affero,affers,afferre,adtuli,adlatum",apporter
"auxilium,auxilii","aide,secours"
"compono,componis,componere,composui,compositum","mettre ensemble,r�gler,arranger,composer,pr�parer"
"absum,abes,abesse,afui","�tre �loign� de,�tre absent"
"amo,amas,amare,amvai,amatum",aimer
"impono,imponis,imponere,imposui,impositum","charger,embarquer,imposer,appliquer"
"ceterus,cetera,ceterum","ce qui reste,l'autre"
"species,speciei","aspect,apparence,beaut�"
"auris,auris",oreille
"umbra,umbrae","ombre,silhouette,ombrage,apparence,fant�me"
"caedes,caedis","taille,massacre"
quoniam,"comme,puisque"
rursus,"en arri�re,de nouveau"
"sumo,sumis,sumere,sumpsi,sumpsum","prendre sur soi,se charger de,d�penser"
"ceteri,ceterorum","ceux qui restent,les autres"
"magnitudo,magnitudinis",grandeur
"dominus,domini","ma�tre,seigneur"
"turpis,turpis,turpe",laid
"incipio,incipis,incipere,incepi,inceptum","entreprendre,commencer"
propter,"aupr�s de,au bord de,� cause de,en vue de"
"regio,regionis","ligne droite,limite,fronti�re,quartier,r�gion"
"socius,socii","qui accompagne,associ�,compagnon"
"exter,exterus,extera,exterum",�tranger
"opto,optas,optare,optavi,optatum","choisir,souhaiter"
"votum,voti","v�u,vote"
facile,facilement
procul,au loin
"tento,tentas,tentare,tentavi,tentatum","t�ter,faire l'essai de,attenter,attaquer"
nondum,pas encore
"plebs,plebis",pl�be
"orbis,orbis","rond,cercle,roue,vo�te,terre"
"puella,puellae","jeune fille,fillette"
quippe,"en effet,c'est que"
"clarus,clara,clarum","clair,sonore,illustre"
"exigo,exigis,exigere,exegi,exactum","chasser,exiger,achever"
"impero,imperas,imperare,imperavi,imperatum",commander
"specto,spectas,spectare,spectavi,spectatum","regarder souvent,observer,avoir les yeux fix�s sur"
"oppidum,oppidi","place forte,ville,b�timent"
"tres,tria",trois
"scribo,scribis,scribere,scripsi,scriptum","�crire,enr�ler"
"sermo,sermonis","conversation,langage"
ubi,"au moment o�,d�s que"
qua,"par o�,par quel moyen"
"addo,addis,addere,addidi,additum",ajouter
"disco,discis,discere,didici,discitum",apprendre par soi-m�me
"interficio,interficis,interficere,interfeci,interfectum","s�parer,tuer"
"jugum,jugi","joug,jug�re,fl�au,asservissement"
"lacrima,lacrimae,","goutte,larme,pleur"
"latus,lateris","c�t�,flanc"
"contigo,contigis,contigere,contigi,contactum","toucher �,arriver"
satis,assez
"officium,officii","travail,devoir,charge,service,t�che"
"constituo,constituis,constituere,constitui,constitutum","�tablir,poster"
"ingratus,ingrata,ingratum","indigne de reconnaissance,ingrat"
"murus,muri",mur
"odium,odii",haine
usque,"toujours,en tout endroit,jusqu'�"
"accedo,accedis,accedere,accedi,accessum","s'approcher,acc�der"
adeo,jusque-l�
"forma,formae","moule,forme,beaut�"
interim,"dans l'intervalle,cependant"
"auctor,auctoris","auteur,cr�ateur,garant,possesseur,fondateur"
"facilis,facilis,facile",facile
potius,"de pr�f�rence,plut�t"
"cupio,cupis,cupere,cupii,cupivi,cupitum",d�sirer ardemment
"ultimus,ultima,ultimum","le plus �loign�,le dernier"
"exerceo,exerces,exercere,exercui,exercitum","repousser hors de,ne pas laisser en repos,travailler,exercer"
ibi,"ici,� ce moment"
"noceo,noces,nocere,nocui,nocitum","nuire,causer la mort de"
"perdo,perdis,perdere,perdidi,perditum",perdre
"amicitia,amicitiae",amiti�
"amnis,amnis","fleuve,cours d'eau"
"appello,appellas,appellare,appellavi,appellatum",appeler
ideo,pour ceci
tandem,enfin
"dubito,dubitas,dubitare,dubitavi,dubitatum",douter
"inferus,infera,inferum",qui  est au dessous
"littera,litterae","lettre,litt�rature,culture"
"prior,prius,prioris","qui est en avant,premier,premier de deux"
"claudo,claudis,claudere,clausi,clausum","fermer,conclure"
"multitudo,multitudinis","foule,multitude"
"juvo,juvas,juvare,juvi,jutum","faire plaisir,aider"
"vestis,vestis",v�tement
umquam,"� quelque moment,jamais"
"malo,malis,malle,malui",pr�f�rer
"imperator,imperatoris",g�n�ral
"oratio,orationis","plaidoyer,discours,�loquence"
"laus,laudis","louange,�loge,gloire,titre de gloire"
"flamma,flammae",flamme
quamvis,"quoique,bien que,quelque que"
"orior,orieris,orieri,ortus sum,oriturus","s'�lancer hors de,sourdre,na�tre"
"prohibeo,prohibes,prohibere,prohibui,prohibitum","emp�cher,prohiber,tenir en dehors"
quamquam,quoique
"campus,campi",plaine
super,"sur,au dessus,au del� de,au sujet de"
"tego,tegis,tegere,texi,tectum","couvrir,recouvrir,garantir,prot�ger"
etiamsi,m�me si
"frango,frangis,frangere,fregi,fractum","briser,abattre"
"nobilis,nobilis,nobile","illustre,noble,connu"
"potestas,potestatis","puissance,pouvoir"
"sedes,sedis","si�ge,s�jour,r�sidence"
"erro,erras,errare,erravi,erratum","se tromper,errer"
"lego,legis,legere,legi,lectum",lire
"mora,morae","retard,d�lai,arr�t,pause"
"crimen,criminis","triage,d�cision,accusation,crime"
"metuo,metuis,metuere,metui,metutum",craindre
"qualis,qualis,quale","tel,que"
"queror,quereris,queri,questus sum",se plaindre
"divido,dividis,dividere,divisi,divisum","diviser,partager"
"uxor,uxeris",�pouse
huc,ici
"exeo,exis,exire,exii,exitum",sortir
"sidus,sideris","�toiles,ciel,climat,hiver"
"contemno,contemnis,contemnere,contempsi,contemptum","m�priser,braver"
intra,� l'int�rieur de
"nescio,nescis,nescire,nescivi,nescii,nescitum","ne pas savoir,ignorer"
"retineo,retines,retinere,retinui,retentum",retenir
"cohors,cohortis","enclos,cour de ferme,troupe,cohorte"
"adeo,adis,adire,adii,aditum",aller vers
"desino,desinis,desinere,desii,desitum","cesser,arr�ter,abandonner"
"gaudeo,gaudis,gaudere,gavisus sum",se r�jouir
"augeo,auges,augere,auxi,auctum","augmenter,cro�tre"
"incertus,incerta,incertum","incertain,flou"
"mollis,mollis,molle",tendre
"tectum,tecti","toit,maison"
"intersum,interes,interesse,interfui","participer �,il importe"
"adspicio,adspicis,adspicere,adspexi,adspectum","regarder,consid�rer,distinguer,apercevoir,examiner"
"judicium,judicii","proc�s,jugement,sentence,opinion"
"timor,timoris",crainte
cur,pourquoi
"fera,ferae",b�te sauvage
male,"mal,malheureusement"
"permitto,permittis,permittere,permisi,permissum","laisser passer � travers,permettre"
"tergum,tergi","dos,derri�re"
"victoria,victoriae",victoire
"barbarus,barbari",barbare
"liber,libera,liberum",libre
"communis,communis,commune","qui partage,partag�,commun,g�n�reux"
"confero,confers,conferre,contuli,collatum","r�unir,comparer,conf�rer"
"misceo,misces,miscere,miscui,mixtum","m�ler,m�langer"
aliquando,"un jour,une fois,quelquefois"
"pugna,pugnae",bataille
opus,besoin
"aequus,aequa,aequum","�quitable,�gal,uni,favorable,juste"
"defendo,defendis,defendere,defensi,defensum","d�fendre,repousser"
"miror,miraris,mirari,miratus sum",s'�tonner
"plenus,plena,plenum",plein
prope,"aupr�s,presque"
"parco,parcis,parcere,peperci,parsum","retenir,contenir,�pargner,m�nager"
"supplicium,supplicii","supplication,punition,supplice"
"carus,cara,carum","cher,co�teux,aim�"
certe,assur�ment
"diversus,diversa,diversum","diff�rent,divers"
"classis,classis","appel par classe,classe,flotte"
"concedo,concedis,concedere,concessi,concessum","s'�loigner,accorder,conc�der"
"convenio,convenis,convenire,conveni,conventum","venir ensemble,se r�unir,convenir"
"nostri,nostrorum",les n�tres
"divitiae,divitiarum",richesse
"invidia,invidiae",envie
"morbus,morbi","affaiblissement,maladie"
"valeo,vales,valere,valui,valitum","�tre fort,�tre en vigueur,valoir,signifier"
"fallo,fallis,fallere,fefelli,falsum","cacher,tromper,�chapper �"
"occurro,occuris,occurere,occurri,occursum","aller contre,se pr�senter,r�pliquer"
"statuo,statuis,statuere,statui,statutum","mettre debout,planter,dresser,�tablir,instituer,d�cider,fixer"
namque,"en v�rit�,� ce propos,car"
"dextera,dexterae","bras droit,main droite"
praeterea,en outre
"rogo,rogas,rogare,rogavi,rogatum","s'adresser �,interroger"
"brevis,brevis,breve","court,bref"
"desero,deseris,deserere,deserui,desertum","abandonner,laisser,d�serter,d�laisser"
"pugno,pugnas,pugnare,pugnavi,pugnatum",combattre
quemadmodum,"comme,de m�me que"
"reliquus,reliqua,reliquum","restant,qui reste"
"templum,templi","temple,espace sacr�,espace d�limit�"
"sapientia,sapientiae",sagesse
"majores,majorum","les anc�tres,les anciens"
"arbor,arboris",arbre
"facies,faciei","apparence,face"
"occido,occidis,occidere,occidi,occisum","tuer,couper,mettre en morceaux"
sicut,de m�me que
"tertius,tertia,tertium","troisi�me,tiers"
"committo,committis,committere,commisi,commissum","confier �,commettre"
"consulo,consulis,consulere,consului,consultum","consulter,d�lib�rer,veiller aux int�r�ts de"
"lumen,luminis",�clairage
necesse,"in�vitable,necessaire"
"otium,otii","loisir,paix"
"aufero,aufers,auferre,abstuli,ablatum",emporter
contra,"en face,au contraire"
"somnus,somni","sommeil,somme"
"subeo,subis,subire,subii,subitum","aller sous,subir"
"verum,veri","le vrai,v�rit�,le r�el,le juste"
"agito,agitas,agitare,agitavi,agitatum","pousser sans cesse,agiter,remuer,s'occuper de"
"ara,arae",autel
"rego,regis,regere,rexi,rectum","tracer,diriger,commander"
"clamor,clamoris","cris,clameur"
"consto,constas,constare,constiti,constaturus","�tre �tabli,�tre reconnu que,co�ter"
quomodo,"comment,comme"
unde,d'o�
praeter,"en avant de,au del� de,en plus de,outre,except�"
"pretium,pretii","somme donn�e en �change,prix"
"accido,accidis,accidere,accidi","arriver par hasard,s'ajouter �"
"notus,nota,notum","connu,notoire"
"praebeo,praebes,praebere,praebui,praebitum","pr�senter,fournir,tenir en avant"
statim,aussit�t
"donum,doni","donner,produire,publier"
"potens,potentis",puissant
"procedo,procedis,procedere,processi,processum",s'avancer
"regius,regia,regium","royal,arbitraire,absolu,princier"
"sacer,sacra,sacrum","intouchable,sacr�,maudit"
"tribunus,tribuni","tribun,magistrat"
"pulcher,pulchra,pulchrum","fort,puissant,beau"
"dulcis,dulcis,dulce",doux
forte,Peut-�tre
"pello,pellis,pellere,pepuli,pulsum","repousser,frapper,chasser"
"spero,speras,sperare,speravi,speratum",esp�rer
"facinus,facinoris",acte
"pateo,pates,patere,patui","�tre ouvert,�tre �vident,�tre patent"
"adversus,adversa,adversum",en face
"gigno,gignis,gignere,genui,genitum","engendrer,produire,causer"
"infero,infers,inferre,intuli,illatum","porter dans,attaquer"
"prex,precis","demande,pri�re"
"supersum,superes,superesse,superfui","subsister,survivre"
"decerno,decernis,decernere,decrevi,decretum","d�cider,trancher,r�soudre"
"dubius,dubia,dubium","ind�cis,douteux"
"cano,canis,canere,cecini,cantum","chanter,r�sonner"
"factum,facti","fait,acte"
quare,pourquoi
"abeo,abis,abire,abii,abitum",s'en aller de
"fleo,fles,flere,flevi,fletum",pleurer
"posco,poscis,poscere,poposci","demander,demander en mariage"
"reperio,reperis,peperire,repperi,reperi,repertum","se procurer,trouver"
"experior,experiris,experiri,expertus sum","faire l'exp�rience de de,�prouver"
"repeto,repetis,repetere,repetii,repetivi,repetitum","ramener,r�clamer,recommencer"
"tellus,telluris","terre,globe terrestre"
"torqueo,torques,torquere,torsi,tortum","faire tourner,brandir,tordre,torturer,tourmenter"
"affectus,affecta,affectum","affect�,�mu,afflig�,atteint,dot�"
"comes,comitis",compagnon
"deficio,deficis,deficere,defeci,defectum","se s�parer de,abandonner,faire d�fection"
"fundo,fundis,fundere,fudi,fusum","verser,r�pandre,produire,disperser"
"libido,libidinis","envie,d�sir,plaisir,passion"
"praemium,praemii","part de butin,prise,recompense,profit"
"contineo,contines,continere,continui,contentum",contenir
"discedo,discedis,discedere,discessi,discessum",se s�parer
"dono,donas,donare,donavi,donatum","gratifier,pardonner"
"membrum,membri","membre,morceau"
"negotium,negotii","affairement,occupation,affaire"
"varius,varia,varium","tachet�,bigarr�,divers,vari�"
undique,de partout
"decus,decoris","convenance,biens�ance,ornement"
"falsus,falsa,falsum","faux,menteur,mensonger,tromp�,qui se trompe"
"jacto,jactas,jactare,jactavi,jactatum","jeter sans cesse en avant,vanter"
olim,"� ce moment-l�,autrefois"
"proficiscor,proficisceris,proficisci,profectus sum","se mettre en route,partir"
"sustineo,sustines,sustinere,sustinui,sustentum",soutenir
"vulgus,vulgi","foule,le commun,le vulgaire"
"acer,acris,acre","aigu,pointu,piquant,aigre,�cre,�nergique"
"anima,animae","souffle de vie,�me"
"condo,condis,condere,condidi,conditum",fonder
"deduco,deducis,deducere,deduxi,deductum","faire descendre,emmener,d�duire"
"furor,furoris","acc�s de folie,col�re,fureur"
illic,l�
"virgo,virginis",vierge
"cresco,crescis,crescere,crevi,crestum","cro�tre,na�tre"
"dimitto,dimittis,dimittere,dimisi,dimissum",envoyer de tous c�t�s
"irascor,irasceris,irasci,iratus sum","se mettre en col�re,s'emporter,s'irriter"
"pertineo,pertines,pertinere,pertinui","s'�tendre � travers,concerner"
"propero,properas,properare,properavi,properatum",se h�ter
"sinus,sinus","courbure,sinuosit�,creux,pli"
"spiritus,spiriti","exhaler,souffler,respirer,�tre inspir�"
denique,enfin
"frons,frontis",front
"promitto,promittis,promittere,promisi,promissum","envoyer en avant,promettre"
utrum,"est-ce que ou, si ou"
aliter,autrement
"caedo,caedis,caedere,cecidi,caesum","tailler,couper,tuer"
cetera,du reste
"initium,initii",d�but
"moror,moraris,morari,moratus sum","retarder,s'arr�ter,s�journer"
"motus,motus",mouvement
"senex,senis","vieillard,vieux"
"tueor,tueris,tueri,tuitus sum","regarder,garder,voir,prot�ger"
"currus,currus",char
"ignotus,ignota,ignotum","inconnu,ignorant"
"probo,probas,probare,probavi,probatum","approuver,�prouver,prouver"
quondam,"autrefois,un jour"
"dives,divitis",riche
"funus,funeris","fun�railles,mort,cadavre"
"opera,operae","travail,action"
"vinculum,vinculi","lien,entrave"
"tempestas,tempestatis","temps,temp�te"
"damno,damnas,damnare,damnavi,damnatum","frapper d'un peine,damner,condamner"
"haereo,haeres,haerere,haesi,haesum","�tre attach� �,�tre fix� �,�tre bloqu�"
"paratus,parata,paratum","pr�t,pr�par�"
"patrius,patria,patrium",qui appartient au p�re
quo,o�
"jungo,jungis,jungere,junxi,junctum","atteler,joindre"
"numen,numinis","volont� divine,divinit�"
quantum,"combien de,tant de"
"tendo,tendis,tendere,tendidi,tentum,tensum","tendre,s'efforcer de"
"vastus,vasta,vastum","ravag�,vid�,inculte,vaste"
circa,"noir,sombre,triste,funeste"
"edo,edes,edis,edere,esse,edi,esum","produire,�diter"
"gradus,gradus","marche,pas,degr�,�tape"
"pudor,pudoris","honte,confusion,retenue,r�serve,vertu"
"forum,fori",forum
"impleo,imples,implere,implevi,impletum","saturer,rassasier,mettre enceinte,remplir"
"nudus,nuda,nudum","nu,d�couvert,vide"
"omitto,omittis,omittere,omisi,omissum","laisser �chapper,omettre"
"defero,defers,deferre,detuli,delatum","d�f�rer,descendre"
donec,"aussi longtemps que,jusqu'� ce que"
"materia,materiae","mati�re,mat�riau"
"moenia,moenium",murailles
"moneo,mones,monere,monui,monitum","faire penser �,avertir"
"pauci,paucorum",peu nombreux
"reor,reris,reri,ratus sum","compter,calculer,penser,juger"
seu,"soit que,soit que"
"veho,vehis,vehere,vexi,vectum",transporter
"vinum,vini","raisin,vigne,vin"
"voluntas,voluntatis","consentement,volont�"
"careo,cares,carere,carui,cariturus",manquer de
"intro,intras,intrare,intravi,intratum",entrer
pariter,�galement
"precor,precaris,precari,precatus sum",prier
"ripa,ripae","rive,c�te"
"rumpo,rumpis,rumpere,rupi,ruptum","rompre,briser,arracher,�clater"
antequam,"avant que,en attendant que,sans que"
"antiquus,antqua,antiquum","ancien,antique"
"cornu,cornus","corne,trompette,aile d'arm�e"
"gaudium,gaudii",joie
"offero,offers,offere,obtuli,oblatum","pr�senter,offrir"
paulo,un peu
"sedeo,sedes,sedere,sedi,sessum","�tre assis,si�ger,�tre stable,se d�poser"
"soror,sororis",soeur
"terreo,terres,terrere,terrui,territum",terrifier
"fluctus,fluctus","flot,agitation,temp�te"
"potentia,potentiae","autorit�,influence,cr�dit,pouvoir,puissance"
"supero,superas,superare,superavi,superatum","surpasser,survivre"
"contentus,contenta,contentum","qui se contient,qui se contente"
"nemus,nemoris","bois sacr�,clairi�re"
"custos,custodis",garde
"exsilium,exsilii",exil
"integer,integra,integrum","intact,entier,int�gre"
"multo,multas,multare,multavi,multatum",punir
"objicio,objicis,objicere,objeci,objectum","jeter devant,exposer,objecter"
"solum,soli",sol
"appareo,appares,apparere,apparui,apparitum","appara�tre,�tre �vident"
"impello,impellis,impellere,impuli,impulsum","heurter,repousser,�branler"
"pecus,pecoris",b�tail
"pondus,ponderis",poids
"praeceptum,praecepti",pr�cepte
supra,"au dessus de,avant,outre"
"aestimo,aestimas,aestimare,aestimavi,aestimatum","fixer le prix,estimer,faire cas de,juger,penser"
"coma,comae",chevelure
"fateor,fateris,fateri,fassus sum","avouer,proclamer"
"hora,horae","heure,p�riode,moment"
"memini,meminisse","se souvenir,faire mention de"
"philosophia,philosophiae","philosophie,sagesse"
"sensus,sensus","sens,pens�e,avis,phrase"
"spargo,spargis,spargere,sparsi,sparsum","r�pandre,joncher"
"admoveo,admoves,admovere,admovi,admotum",approcher
"consisto,consistas,consistare,constiti,constaturus","arr�ter,s'arr�ter,consister en"
"quies,quietis","repos,pause,sommeil,mort,paix"
"securus,secura,securum","sans souci,s�r"
"auctoritas,auctoritatis","cr�ation,fondation,institution,garantie,possesion,autorit�"
"cupiditas,cupiditatis","d�sir,"
"deligo,deligis,deligere,delegi,delectum","choisir,aimer"
necessarius,n�cessaire
"cito,citas,citare,citavi,citatum","convoquer,citer en justice,mentionner,provoquer"
"curo,curas,curare,curavi,curatum","prendre soin,nettoyer"
"sacrum,sacri","objet sacr�,acte religieux,culte"
"sors,sortis","lot,sort"
"aura,aurae","souffle l�ger,brise,air"
extra,hors de
"oro,oras,orare,oravi,oratum","prier,plaider"
post,"en arri�re,derri�re,ensuite"
quo,"afin que,pour que,"
tamquam,"de m�me que,comme si"
"tango,tangis,tangere,tetigi,tactum",toucher
"validus,valida,validum","fort,bien portant"
"flecto,flectas,flectare,flexi,flectum","courber,fl�chir,d�tourner,changer,modifier"
"pedes,peditis",fantassin
"adduco,adducis,adducere,adduxi,adductum","amener �,conduire vers"
"plerique,pleraeque,pleraque",la plupart de
"praesens,praesentis",pr�sent
"ruo,ruis,ruere,rui,rutum","renverser,ruiner,s'�crouler"
"certamen,certaminis","combar,d�bat"
"pendeo,pendes,pendere,pependi","�tre suspendu,�tre en attente,�tre inquiet"
"praeceps,praecepitis","qui tombe la t�te en avant,pr�cipice"
quotiens,combien de fois
"remedium,remedii",rem�de
"colloco,collocas,collocare,collocavi,collocatum","placer,arranger,�tablir,disposer"
"justus,justa,justum","juste,conforme au droit"
"nuntio,nuntias,nuntiare,nuntiavi,nuntiatum","d�noncer,r�v�ler,annoncer,mander"
"respicio,respicis,respicere,respexi,respectum","avoir �gard �,respecter"
"desidero,desideras,desiderare,desideravi,desideratum","aspirer,d�sirer,regretter"
"posterus,postera,posterum","qui vient derri�re,descendant"
"privatus,privata,privatum","particulier,priv�,mis de c�t�,mis � part"
"tantum,tanti",autant de
"tener,tenera,tenerum","tendre,d�licat,fr�le,jeune"
"aequor,aequoris","surface plane,plaine,mer"
"contendo,contendis,contendere,contendi,contentum","affirmer,pr�tendre"
"remitto,remittis,remittere,remisi,remissum","renvoyer,rel�cher"
"tenuis,tenuis,tenue","mince,t�nu"
"gladius,gladii",gladius
"imago,imaginis","image,portrait,apparence"
"necessitas,necessitatis",n�cessit�
quin,"que ne pas,pour que ne pas"
"difficilis,difficilis,difficile",difficile
"equitatus,equitatus","cavalerie,monte,ordre des chevalier"
"vestigium,vestigii","trace,empreinte,vestige"
"converto,convertis,convertere,converti,conversum","tourner,se tourner,changer,convertir"
"effundo,effundis,effudere,effudi,effusum","�pancher,verser,d�verser,disperser,diffuser,produire"
"excutio,excutis,excutere,excussi,excussum","�plucher,d�sar�onner,secouer,faire tomber"
frustra,"en vain,en pure perte"
"incido,incidis,incidere,incidi",tomber dans
"multum,multi",une grande quantit�
"revertor,reverteris,reverti,reverti,reversum","rebrousser,revenir,retourner"
"reus,rei","d�fendeur,accus�,coupable"
"utilis,utilis,utile",utile
"insidiae,insidiarum","embuscade,emb�ches,ruse,perfidie"
"limen,liminis","seuil,linteau"
quo,o�
"surgo,surgis,surgere,surrexi,surrectum","se dresser,se lever,surgir"
"habitus,habitus","maintien,habit"
"labor,laberis,labi,lapsus sum","glisser,commettre une faute"
"praetor,praetoris",pr�teur
quo,plus plus
"arx,arcis",citadelle
"curro,curris,currere,cucurri,cursum",courir
"fax,facis","torche,lumi�re"
immo,au contraire
"vaco,vacas,vacare,vacavi,vacatum","�tre vide,�tre vacant,vaquer �,il est loisible de"
"veto,vetas,vetare,vetui,vetitum","d�fendre,ne pas permettre,interdire"
"exitus,exitus","sortie,fin,mort"
"maritus,mariti",mari
"memoro,memoras,memorare,memoravi,memoratum","rappeler,c�l�brer,raconter"
"onus,oneris","poids,charge,fardeau"
"opinio,opinionis","opinion,conjecture,croyance"
"perfero,perfers,perferre,pertuli,perlatum","porter jusqu'au bout,supporter"
"porta,portae","passage,porte,porte de ville"
"rectus,recta,rectum","droit,honn�te"
"conficio,conficis,conficere,confeci,confectum","r�aliser,confectionner"
"cultus,cultus","culture,entretien,tenue,culte"
"infelix,infelicis",
nefas ,interdit par les dieux
unde,d'o�
"invitus,invita,invitum",malgr� soi
"magistratus,magistratus","magistrature,magistrat"
"paupertas,paupertatis",pauvret�
"proprius,propria,proprium","propre,qui appartient �"
quantum,"autant que,combien"
"corrumpo,corrumpis,corrumpere,corrupi,corruptum","d�truire,g�ter,corrompre"
"detraho,detrahis,detrahere,detraxi,detractum","rabaisser,enlever"
"insto,instas,instare,institi,instaturus","�tre dress� sur,�tre mena�ant,menacer,insister"
"intueor,intueris,intueri,intuitus sum","porter son regard sur,contempler"
"lateo,lates,latere,latui","�tre cach�,�tre inconnu,�chapper �"
"recens,recentis","nouvellement arriv�,frais,r�cent"
"aperio,aperis,aperire,aperui,apertum","ouvrir,d�voiler"
"cerno,cernis,cernere,crevi,cretum","s�parer,trier,distinguer,voir,choisir,d�cider"
"condicio,condicionis","condition,situation,disposition"
"effero,effers,efferre,extuli,elatum","emporter,�lever,exalter"
"exstinguo,exstinguis,exstinguere,exstinxi,exstinctum",�teindre
"opprimo,opprimis,opprimere,oppressi,oppressum","comprimer,presser,accabler,opprimer"
"pecco,peccas,peccare,peccavi,peccatum","faire un faux pas,p�cher"
"testis,testis","tiers,t�moin"
aeque,"�galement,�quitablement,� bon droit"
"aes,aeris","bronze,monnaie,argent"
"figo,figis,figere,fixi,fixum","ficher,enfoncer,fixer"
quattuor,quatre
"revoco,revocas,revocare,revocavi,revocatum","rappeler,r�tablir"
"mortalis,mortalis","mortel,homme"
"descendo,descendis,descendere,descendi,descensum",descendre
"fingo,fingis,fingere,finxi,finctum","modeler,fa�onner,imaginer,feindre"
"impius,impia,impium","impie,sacril�ge"
"ineo,inis,inire,inii,initum","aller dans,commencer"
"saeculum,saeculi","g�n�ration,dur�e,p�riode,si�cle,monde mat�riel"
solum,seulement
"vacuus,vacua,vacuum","vide,libre,vacant"
"alo,alis,alere,alui,alitum,altum","nourrir,�lever,grandir"
"asper,aspera,asperum","rugueux,�pre,p�nible"
"cibus,cibi",nourriture
"dea,deae",d�esse
"differo,differs,differre,detuli,delatum","remettre � plus tard,diff�rer"
"felicitas,felicitatis",
"fessus,fessa,fessum","l�zard�,�puis�,lass�"
"hortor,hortaris,hortari,hortatus sum",exhorter
item,"de m�me,�galement"
quod,"sous pr�texte que,que"
"admitto,admittis,admittere,admisi,admissum","laisser s'approcher,admettre"
"colligo,colligis,colligere,collegi,collectum","ramasser ensemble,choisir"
fere,"presque,� peu pr�s,le plus souvent"
"grex,gregis","troupeau,troupe"
"lingua,linguae","langue,langage"
"militaris,militaris,militare","militaire,guerrier,de soldat"
quasi,"� peu pr�s,environ"
"rarus,rara,rarum","clairsem�,�pars,isol�,rare"
semel,"une seule fois,en une fois"
"vereor,vereris,vereri,veritus sum","craindre,respecter"
"aeternus,aeterna,aeternum","qui dure toute la vie,�ternel"
"aureus,aurea,aureum","en or,dor�"
"insula,insulae","�le,�lot,p�t� de maison,maison de rapport"
"judex,judicis","juge,celui qui dit le droit"
quemadmodum,comment
"vito,vitas,vitare,vitavi,vitatum",�viter
"admoneo,admones,admorere,admonui,admonitum","rappeler,avertir"
"censeo,censes,censere,censui,censum","proclamer,aviser,d�clarer,estimer,penser"
"consequor,consequeris,consequi,consecutus sum","rattraper,s'ensuivre"
"familia,familiae","serviteurs,famille,maisonn�e"
late,largement
"pareo,pares,parere,parui,paritum","para�tre,ob��r"
"recedo,recedis,recedere,recessi,recessum","se retirer,s'�loigner,retrograder"
"transfero,transfers,transferre,transtuli,translatum,tralatum",transf�rer
vel,m�me
"clades,cladis",d�sastre
"dispono,disponis,disponere,disposui,dispositum","disposer,mettre en ordre,arranger,r�gler"
"egregius,egregia,egregium","distingu�,qui sort du lot"
"ingredior,ingrederis,ingredi,ingressus sum",entrer
"numero,numeras,numerare,numeravi,numeratum","compter,d�nombrer"
"obsto,obstas,obstare,obstiti,obstaturus","se tenir en face de,faire obstacle"
"perduco,perducis,perducere,perduxi,perductum",faire parvenir �
primo,"en premier,d'abord"
"robur,roboris","ch�ne rouge,rouvre,bois,carcan,force,vigueur"
"sanctus,sancta,sanctum",sain
"sino,sinis,sinere,sivi,situm","poser,laisser l�,laisser,permettre"
"vagus,vaga,vagum","errant,ind�cis,vague"
"venenum,veneni","philtre,breuvage magique,poison"
"ardeo,ardes,ardere,arsi,arsurus","br�ler,resplendir"
"effugio,effugis,effugere,effugi,effugiturus",�chapper
"excito,excitas,excitare,excitavi,excitatum","pousser dehors,exciter,faire sortir"
"infestus,infesta,infestum","dirig� contre,hostile,acharn�,p�rilleux"
"natus,nati","enfant,fils"
"avaritia,avaritiae","avidit�,avarice"
"cervix,cervicis","nuque,t�te"
"dirus,dira,dirum","sinistre,de mauvais augure,effrayant,Furies"
"evenio,evenis,evenire,eveni,eventum","venir de,r�sulter,arriver"
"ferox,ferocis","farouche,orgueilleux,fier"
"ignarus,ignara,ignarum","ignorant,ignor�"
"portus,portus","passage,entr�e,port"
"ratis,ratis","radeau,embarcation,bateau,navire"
"resisto,resistis,resistere,resisti","ne pas avancer,s'arr�ter,r�sister,tenir bon"
"tormentum,tormenti","tormentum,tourment,torture"
ultro,"au del�,au large,de plus,en outre,de soi m�me,spontan�ment"
"argentum,argenti",argent
"decet,decere,decuit","il convient,il est acceptable"
"doleo,doles,dolere,dolui,dolitum","�tre battu,avoir mal,souffrir"
"egredior,eggrederis,eggredi,eggressus sum",sortir de
"quantum,quanti","quelle quantit�,combien"
centum ,"cent,un grand nombre"
"dolus,doli","ruse,tromperie,adresse"
"ictus,ictus","coup,pouls,battement"
"libet,libere,libuit,libitum est","il pla�t,il fait plaisir"
"obliviscor,oblivisceris,oblivisci,oblitus sum","effacer,oublier"
"superbus,superba,superbum","qui est au dessus de,orgueilleux,superbe"
"discrimen,discriminis",s�paration
"ferus,fera,ferum","sauvage,farouche"
"filia,filiae",fille
"laboro,laboras,laborare,laboravi,laboratum","travailler,labourer,�tre � la peine,s'inqui�ter"
"luxuria,luxuriae","luxuriance,exub�rance,luxe"
"moles,molis","masse,difficult�"
"secundus,secunda,secundum",favorable
"turbo,turbas,turbare,turbavi,turbatum","troubler,se troubler"
"color,coloris","couleur,teinture,pr�texte,trait particulier"
"delecto,delectas,delectare,delectavi,delectatum","s�duire,charmer"
"foramen,foraminis","trou,ouverture"
"humus,humi","sol,terre"
"invado,invadis,invadere,invasi,invasum","marcher contre,envahir"
"obsideo,obsides,obsidere,obsedi,obsessum",assi�ger
prius,auparavant
"senectus,senectutis",vieillesse
ubi,o�
"centurio,centurionis",centurion
"error,erroris",erreur
"fames,famis","faim,passion,avidit�"
"fons,fontis","source,fontaine"
"laedo,laedis,laedere,laesi,laesum","heurter,choquer,frapper,blesser,faire injure,endommager"
licet,bien que
"odi,odisse",ha�r
"perpetuus,perpetua,perpetuum","ininterrompu,perp�tuel"
"dictum,dicti","mot,parole,proverbe"
"luctus,luctus",deuil
nimis,"trop,beaucoup"
"suadeo,suades,suadere,suasi,suasum",conseiller
ecce,"voici,voil�"
"immortalis,immortalis,immortale","immortel,dieu"
"maestus,maesta,maestum","triste,abattu"
"pietas,pietatis","pi�t�,piti�"
"praecipio,praecipis,praecipere,praecepi,praeceptum",prescrire
"silentium,silentii",silence
"sono,sonas,sonare,sonui,sonitum","sonner,r�sonner,chanter"
"tenebrae,tenebrarum","obscurit�,t�n�bres"
"uro,uris,urere,ussi,ustum",br�ler
"aeger,aegra,aegrum","malade,souffrant"
"agnosco,agnoscis,agnoscere,agnovi,agnotum","admettre,identifier,reconna�tre,avouer"
"consuetudo,consuetudinis",habitude
"consumo,consumis,consumere,consumpsi,consumptum",consumer
"eloquentia,eloquentiae",�loquence
"exiguus,exigua,exiguum",exigu
"fluo,fluis,fluere,fluxi,fluxum",
"hiems,hiemis","hiver,temp�te"
"instituo,instituis,instituere,institui,institutum","placer dans,instituer,former,instruire"
"interrogo,interrogas,interrogare,interrogavi,interrogatum","demander,interroger,poursuivre,questionner"
"liber,libri","liber,livre"
"pergo,pergis,pergere,perrexi,perrectum","se diriger � travers,poursuivre,continuer"
"qualis,qualis,quale","quel,de quelle sorte,de quelle nature"
"civilis,civilis,civile","civil,social,sociable"
"conspectus,conspectus","aper�u,vue,regard,apparition"
"dignitas,dignitatis",dignit�
"herba,herbae",
"Hercules,Herculis,Herculi",Hercule
"impedio,impedis,impedire,impedivi,impedii,impeditum","entraver,emp�cher,embarrasser"
"praefectus,praefecti","chef,pr�fet"
"vincio,vincis,vincere,vinxi,vinctum","encha�ner,lier"
"collum,colli",cou
"exitium,exitii","destruction,ruine"
"frumentum,frumenti","bl�,froment"
"intendo,intendis,intendere,intendi,intentum","�tendre,tendre,d�ployer,bander,d�velopper"
"iratus,irata,iratum","en col�re,irrit�,indign�"
"modicus,modica,modicum","mod�r�,modique,parcimonieux"
"nimius,nimia,nimium",excessif
ut,"comment,comme,en quelque mani�re"
"ater,atra,atrum","noir,sombre,triste,funeste"
"cesso,cessas,cessare,cessavi,cessatum",tarder
"culpa,culpae","faute,culbabilit�"
"epistula,epistulae",lettre
"iniquus,iniqua,iniquum","in�gal,d�favorable,inique"
"nubes,nubis","nuage,nue,nu�e,voile,nuit"
"nuntius,nuntii","messager,h�raut,message,annonce"
"obtineo,obtines,obtinere,obtinui,obtentum","tenir,occuper,pr�valoir"
paulatim,peu � peu
"propono,proponis,proponere,proposui,propositum","mettre en avant,exposer,proposer"
"tracto,tractas,tractare,tractavi,tractatum","tra�ner,tracer,tirer,traiter"
"conspicio,conspicis,conspicere,conspexi,conspectum","contempler,regarder,apercevoir"
"fraus,fraudis","tort,dommage,ruse,tromperie,pi�ge,faute,crime"
interea,pendant ce temps
"ora,orae","bord,extr�mit�,rivage,c�te,contour"
"pario,paris,parere,peperi,partum,pariturus","procurer,fournir,enfanter"
"propinquus,propinqua,propinquum","proche,parent,"
"rota,rotae",roue
"tempero,temperas,temperare,temperavi,temperatum","couper,m�langer,temp�rer,mod�rer"
"creber,crebra,crebrum","qui pousse dru,nombreux,abondant"
"emitto,emittis,emittere,emisi,emissum","laisser s'�chapper,�mettre"
"humilis,humilis,humile","humble,bas"
"immineo,immines,imminere","�tre imminent,menacer"
"instruo,instruis,instruere,instruxi,instructum","entasser,construire,b�tir"
iterum,"� nouveau,pour la deuxi�me fois"
"placidus,placida,placidum","qui pla�t,paisible"
quanto,combien
subito,"tout de suite,soudainement"
"tribuo,tribuis,tribuere,tribui,tributum","distribuer,attribuer"
"urgeo,urges,urgere,ursi",presser
"accendo,accendis,accendere,accendi,accensum","mettre le feu,allumer"
"canis,canis","chien,chienne"
"certo,certas,certare,certavi,certatum","d�battre,lutter,combattre"
"conor,conaris,conari,conatus sum","se mettre en marche,entreprendre,tenter"
"eligo,eligis,eligere,elegi,electum","choisir,�lire"
"excedo,excedis,excedere,excessi,excessum",sortir
"ignoro,ignoras,ignorare,ignoravi,ignoratum",ignorer
"imitor,imitaris,imitari,imitatus sum",imiter
"insignis,insignis,insigne","insigne,remarquable,distingu�"
"invisus,invisa,invisum","odieux,envi�,jalous�,maudit"
posterius,plus tard
"praefero,praefers,praeferre,praetuli,praelatum","pr�senter,pr�f�rer"
"vertex,verticis","tourbillon,sommet,cime"
utique,"en tout cas,tout au moins"
"amplus,ampla,amplum","vaste,ample,grand"
"avidus,avida,avidum",avide
"bibo,bibis,bibere,bibui,bibitum,potum",boire
"contumelia,contumeliae",parole outrageante
"mensa,mensae","g�teau sacr�,plateau,table"
"militia,militiae","service militaire,m�tier de soldat"
"nobilitas,nobilitatis",noblesse
"oceanus,oceani",oc�an
"servio,servis,servire,servii,servivi,servitum","servir,�tre esclave"
"tacitus,tacita,tacitum","qui se tait,qui est tu"
"vates,vatis","devin,proph�te,po�te"
"boni,bonorum",les gens de bien
"convivium,convivii","festin,repas"
"cupido,cupidinis","d�sir,Cupidon"
"explico,explicas,explicare,explicavi,explicatum","d�plier,expliquer"
"fructus,fructus","fruit,usufruit,produit"
"nepos,nepotis","petit-fils,enfant g�t�,d�bauch�,neveu,descendant"
"proficio,proficis,proficere,profeci,profectus","se placer en avant,progresser"
quomodo,"de la mani�re dont,de m�me que"
"valetudo,valetudinis","sant�,�tat de sant�"
"vanus,vana,vanum","vide,d�garni,vain,vaniteux"
"vindico,vindicas,vindicare,vindicavi,vindicatum","ch�tier,venger,revendiquer"
"divinus,divina,divinum",divin
"incendo,incendis,incendere,incendi,incensum",incendier
"suscipio,suspicis,suspicere,suspexi,suspectum","soutenir,assurer"
"turris,turris",tour
"collis,collis",colline
"inanis,inanis,inane","vide,vain,sans valeur"
quin,pourquoi ne pas
"ruina,ruinae","chute,ruine"
"sufficio,sufficis,sufficere,suffeci,suffectum","fournir,suffire"
"taceo,taces,tacere,tacui,tacitum","taire,se taire"
"tumultus,tumultus","temp�te,agitation,tumulte,r�volte"
verum,mais en v�rit�
"vicis,vicem,vice","tour,fois,place"
"arvum,arvi","terre de labour,champ"
"consulatus,consulatus",consulat
"honestum,honesti","sentiment de l'honneur,sens moral,beaut� morale"
"incedo,incedis,incedere,incessi,incessum","marcher contre,attaquer"
"obses,obsidis","otage,caution,garant"
"profero,profers,proferre,protuli,prolatum","pr�senter,exposer,�diter"
"pudeo,pudes,pudere,pudui,puditum","avoir honte,rougir,avoir de la r�pulsion"
"adventus,adventus",arriv�e
"expedio,expedis,expedire,expedivi,expedii,expeditum","d�gager,d�brouilller,pr�parer"
"frequens,frequentis","abondant,fr�quent,fr�quent�,fr�quantant"
"lentus,lenta,lentum","flexible,nonchalant,lent"
"postulo,postulas,postulare,postulavi,postulatum","demander,poursuivre,postuler,accuser"
"tardus,tarda,tardum","lent,tardif,tard"
"verso,versas,versare,versavi,versatum","tourner,retourner"
"ferio,feris,ferire","frapper,d�pouiller,voler"
"impedimentum,impedimenti",bagages
"monstrum,monstri","avertissement divin,prodige,monstre"
nuper,r�cemment
"pontus,ponti","haute mer,mer"
"velum,veli","voile,toile"
"vilis,vilis,vile","vulgaire,vil,bon march�,sans valeur"
"afficio,afficis,afficere,affeci,affectum","doter,gratifier,affecter"
"consido,considis,considere,consedi,consessum","prendre position,se poster,s'�tablir,si�ger"
"dexter,dextera,dexterum","droit,favorable,adroit"
"ludo,ludis,ludere,lusi,lusum","jouer,imiter,se jouer de"
ni,"ne pas,si ne pas,afin que ne pas"
"occultus,occulta,occultum","cach�,dissimul�,d�rob�"
"os,ossis",os
"pauper,paupera,pauperum",pauvre
"perago,peragis,peragere,peregi,peractum",achever
"provideo,provides,providere,providi,provisum",pr�voir
scilicet,"�videmment,sans doute"
"terror,terroris","tremblement,terreur,objet de terreur"
atqui,"mais de toute fa�on,et pourtat"
"clementia,clementiae","cl�mence,bont�"
"damnum,damni","perte,dommage,amende,ch�timent"
"mereo,meres,merere,merui,meritum","recevoir son salaire,�tre pay�,servir"
"reduco,reducis,reducere,reduxi,reductum","ramener,r�duire"
"ambitio,ambitionis","ambition,brigue"
"divus,divi",dieu
"fatigo,fatigas,fatigare,fatigavi,fatigatum","crever,harasser,fatiguer,accabler,harceler,railler"
"incendium,incendii","feu,incendie"
"includo,includis,includere,inclusi,inclusum","enfermer,ench�sser,inclure"
"niger,nigra,nigrum",noir
"prodo,prodis,prodere,prodidi,proditum","livrer,trahir"
"promptus,prompta,promptum","dispos�,facile,dispos,agile,prompt"
protinus,imm�diatement apr�s
"aditus,aditus",acc�s
"contraho,contrahis,contrahere,contraxi,contractum","resserrer,contracter"
"domo,domas,domare,domui,domitum","dompter,dresser"
"fretum,freti","bouillonnement des eaux,d�troit,bras de mer,mer"
"inopia,inopiae","d�faut,disette,manque,d�nuement"
"intentus,intenta,intentum","tendu vers,attentif"
"lapis,lapidis","pierre,borne,st�le,statue,b�che,imb�cile"
"latus,lata,latum",large
"orator,oratoris",orateur
quasi,comme si
"stultus,stulta,stultum","sot,niais,stupide"
"aggredior,aggrederis,aggredi,aggressus sum","marcher sur,attaquer"
"angustus,angusta,angustum","�troit,resserr�,sec,maigre"
"artus,artuum",membres
"caecus,caeca,caecum","aveugle,obscur"
"complector,complecteris,complecti,complexus sum","�treindre,embrasser,saisir,contenir"
"demitto,demittis,demittere,demisi,demissum","laisser tomber,abandonner"
"educo,educis,educere,eduxi,eductum","faire sortir,tirer hors de"
fortiter,"courageusement,avec force,hardiment"
"genitor,genitoris",g�niteur
"immensus,immensa,immensum","sans limite,immense"
"obscurus,obscura,obscurum",obscur
"perficio,perficis,perficere,perfeci,perfectum",achever
postea,"ensuite,apr�s,puis"
"tolero,toleras,tolerare,toleravi,toleratum","endurer,supporter,sustenter"
"aestus,aestus","bouillonnement,agitation,�bullition,fureur"
"altitudo,altitudinis","altitude,hauteur"
"arbitror,arbitraris,arbitrari,arbitratus sum","arbitrer,d�cider,penser"
"dens,dentis",dent
"destino,destinas,destinare,destinavi,destinatum","fixer,se proposer de"
"emo,emis,emere,emi,emptum","prendre,acheter"
"frigus,frigoris","froid,fra�cheur"
"jacio,jacis,jacere,jeci,jactum",jeter
"ignosco,ignoscis,ignoscere,ignovi,ignotum","pardonner,faire gr�ce "
"libero,liberas,liberare,liberavi,liberatum",lib�rer
"mando,mandas,mandare,mandavi,mandatum","charger,mander"
"minae,minarum","surplomb,saillie,menaces"
"sagitta,sagittae",fl�che
"seco,secas,secare,secavi,secatum","trancher,couper,d�cider"
ultra,au del�
una,"en m�me temps,ensemble"
"contio,contionis","assembl�e,discours"
"crudelis,crudelis,crudele",cruel
"custodia,custodiae","garde,sentinelle,veille,prison"
decem,dix
"dedo,dedis,dedere,dedidi,deditum","livrer,rendre"
"expello,expellis,expellere,expuli,expulsum","pousser,chasser,expulser"
"saevitia,saevitiae","fureur,duret�,cruaut�"
"solacium,solacii","soulagement,consolation"
"sollicitus,sollicita,sollicitus","inquiet,troubl�,agit�"
"subitus,subita,subitum","soudain,subit"
"arena,arenae",sable
"astrum,astri","astre,�toile"
"concipio,concipis,concipere,concepi,conceptum","admettre,concevoir"
"cruor,cruoris","chair crue,sang,sang r�pandu"
"finio,finis,finire,finivi,finitum","borner,d�limiter,finir,d�finir"
"foedus,foeda,foedum","laid,affreux,honteux"
"humerus,humeri","hum�rus,�paule"
"medium,medii","milieu,centre,ar�ne,place publique"
"principium,principii","commencement,principe,quartier g�n�ral"
"servitus,servitutis","servitude,esclavage"
"taurus,tauri",taureau
"adjuvo,adjuvas,adjuvare,adjuvi,adjutum","aider,seconder"
alte,"en haut,profond�ment,hautement"
"armatus,armata,armatum",arm�
"averto,avertis,avertere,averti,aversum","�carter,d�tourner,soustraire,d�rober"
"fruor,frueris,frui,fructus sum,fruitus sum","se nourrir,profiter de"
"mitis,mitis,mite","doux,m�r,tendre"
"pius,pia,pium","pur,bon,tendre,pieux"
"rupes,rupis","roche,pierre bris�e"
"tremo,tremis,tremere,tremui","trembler,avoir peur"
"adhibeo,adhibes,adhibere,adhibui,adhibitum","appliquer,employer"
"aequo,aequas,aequare,aequavi,aequatum","aplanir,rendre �gal,�galiser,�galer"
"celebro,celebras,celebrare,celebravi,celebratum","fr�quenter,c�l�brer"
"depono,deponis,deponere,deposui,depositum","mettre de c�t�,abdiquer,d�poser"
"deprehendo,deprehendis,deprehendere,deprehensi,deprehensum","surprendre,prendre sur le fait,d�couvrir"
"desiderium,desiderii","regret,d�sir"
"evado,evadis,evadere,evasi,evasum","�chapper,s'�chapper,devenir"
"medicus,medici",m�decin
"nitor,niteris,niti,nisus sum,nixus sum","faire levier,s'efforcer de,enfanter"
"paternus,paterna,paternum","paternel,qui appartient au p�re"
"ramus,rami","branche,rameau,ramure"
"spectaculum,spectaculi",spectacle
"summa,summae","surface,total,somme,ensemble"
"tumulus,tumuli","monticule,tumulus,tombeau"
"volvo,volvis,volvere,volvi,volutum","rouler,faire rouler"
utinam ,"si seulement,plaise au ciel que"
"assiduus,assidua,assiduum",assidu
"brachium,bracchium,brachii,bracchii",bras
"candidus,candida,candidum","blanc,innocent,candide"
"cingo,cingis,cingere,cinxi,cinctum","ceindre,entourer"
"conscientia,conscentiae","complicit�,conscience"
"dejicio,dejicis,dejicere,dejeci,dejectum","jeter du haut en bas,injecter"
"externus,externa,externum","externe,ext�rieur,�tranger"
"furo,furis,furere","�tre agit�,fou,furieux"
"levo,levas,levare,levavi,levatum","all�ger,soulager"
"ludus,ludi","jeu,�cole"
"obruo,obruis,obruere,obrui,obrutum","�craser,couvrir,cacher"
"occasio,occasionis","occasion,�v�nement favorable"
priusquam,avant que
"sterno,sternis,sternere,stravi,stratum","�tendre,joncher,r�pandre"
celeriter,rapidement
"circumdo,circumdas,circumdare,circumdedi,circumdatum",entourer
"densus,densa,densum","�pais,dense"
"haurio,hauris,haurire,hausi,haustum","puiser,vider,avaler,consumer"
"horridus,horrida,horridum","h�riss�,horrible"
"incolumis,incolumis,incolume","intact,sain et sauf"
"indicium,indicii","d�nonciation,indication,indice,preuve,signe"
"plerusque,pleraque,plerumque",la plus grande partie de
"status,status","statut,�tat,position,posture,assiette"
"universus,universa,universum","g�n�ral,universel"
"arbitrium,arbitrii",arbitrage
"fulmen,fulminis",foudre
paene,presque
"porto,portas,portare,portavi,portatum","porter,faire  passer,transporter"
"praetereo,praeteris,praeterire,praeterii,praeteritum","passer � c�t�,omettre,�chapper �"
"regno,regnas,regnare,regnavi,regnatum",r�gner
repente,soudainement
"spernor,spernaris,spernari,spernatus sum","�carter,repousser,d�daigner"
"torus,tori","corde,matelas,lit"
ultra,au del� de
"decipio,decipis,decipere,decepi,deceptum","surprendre,d�cevoir"
"divus,diva,divum",divin
"expono,exponis,exponere,exposui,expositum","exposer,mettre hors de"
"flagitium,flagitii","charivari,scandale,infamie,faute"
"formosus,formosa,formosum","bien fait,beau"
"inimicus,inimici",ennemi
"jucundus,jucunda,jucundum","plaisant,agr�able"
"leo,leonis",lion
num,est-ce que par hasard
numquid,est-ce que
"pons,pontis","pont,passerelle,bac"
"possideo,possides,possidere,possedi,possessum","occuper,poss�der"
"sonus,soni",son
"sordidus,sordida,sordidum","sale,ignoble,sordide"
"subjicio,subjicis,subjicere,subjeci,subjectum","jeter sous,soumettre,substituer"
supra,"au dessus,en plus"
"viso,visis,visere,visi,visum",examiner
"altum,alti",haute mer
"carcer,carceris",prison
"celer,celeris,celere","leste,prompt,rapide"
"corona,coronae",couronne
en,voici
heu,h�las
"monstro,monstras,monstrare,monstravi,monstratum","avertir,indiquer,montrer"
"nota,notae","marque,signe,infamie"
"praesum,praees,praeesse,praefui",�tre � la t�te de
sane,"sainement,beaucoup,assur�ment"
"vivus,viva,vivum","vif,vive,vivant"
"comperio,comperis,comperire,compertum","d�couvrir,apprendre"
"corripio,corripis,corripere,corripui,correptum","s'emparer de,se saisir de,arracher"
"erigo,erigis,erigere,erexi,erectum","�riger,dresser,construire,mettre droit"
"regia,regiae",r�sidence royale
"secundus,secunda,secundum","second,inf�rieur"
triginta,trente
vero,"en v�rit�,vraiment"
"avis,avis",oiseau
"cor,cordis","c�ur,m�moire,intelligence"
"domina,dominae",ma�tresse
fas,"permission,droit divin,"
"foris,foris","acc�s,porte"
"improbus,improba,improbum",malhonn�te
"linquo,linquis,linquere,liqui","laisser,quitter"
"narro,narras,narrare,narravi,narratum","faire conna�tre,raconter"
"obvius,obvia,obvius","sur la route,au devant,�vident"
"pasco,pascis,pascere,pavi,pastum","nourrir,faire pa�tre"
"polliceor,polliceris,polliceri,pollicitus sum","proposer une ench�re,faire une offre,offrir,promettre,s'engager"
quare,"c'est pourquoi,car"
"solitudo,solitudinis",solitude
"suum,sui",son bien
"crinis,crinis","cheveu,chevelure"
"epulae,epularum","repas,festin,sacrifice"
"expeto,expetis,expetere,expetivi,expetii,expetitum","r�clamer,briguer,convoiter"
"fastigium,fastigii","fa�te,cime,sommet"
"geminus,gemina,geminum","jumeau,jumelle,g�meau,double,semblable"
"grandis,grandis,grande",grand
interdum,"de temps en temps,pendant ce temps-l�"
"oppono,opponis,opponere,opposui,oppositum","mettre devant,opposer,proposer,objecter"
"palus,paludis",marais
"percutio,percutis,percutere,percussi,percussum","frapper,battre,conclure"
"persequor,persequeris,persequi,persecutus sum","poursuivre,accomplir"
"removeo,removes,removere,removi,remotum",�carter
"scientia,scientae","connaissance,savoir,science"
"seditio,seditionis",s�dition
"subsidium,subsidii","r�serve,imp�t,subside,secours"
"venia,veniae","faveur,indulgence,pardon"
ample,"amplement,largement"
antea,auparavant
"apertus,aperta,apertum","ouvert,manifeste,clair"
"captivus,captivi",captif
demum,"pr�cis�ment,enfin"
"fidus,fida,fidum","fiable,fid�le"
"incommodum,incommodi","inconv�nient,pr�judice,ennui"
"induco,inducis,inducere,induxi,inductum","conduire dans,mettre sur,enduire,tromper"
"memor,memoris","qui se souvient,qui rappelle"
"mirus,mira,mirum",�tonnant
"nocturnus,nocturna,nocturnum",nocturne
passim,�a et l�
"rumor,rumoris","rumeur,opinion,bruit"
"saltus,saltus","saut,bond,passage,pas,d�fil�"
sive,"soit,soit"
"superbia,superbiae","arrogance,orgueil,superbe"
"superi,superorum",dieux du ciel
"versus,versus","sillon,ligne,vers"
"aevum,aevi","dur�e de temps,dur�e de la vie,dur�e sans limite,�ternit�"
"aptus,apta,aptum","attach� �,apte �"
"audacia,audaciae","audace,impudence"
"avus,avi","grand-p�re,vieillard,a�eul"
"cinis,cineris",cendre
quotidie,chaque jour
cum,"� la fois � la fois,tant�t tant�t"
"exuo,exuis,exuere,exui,exutum","d�v�tir,d�pouiller"
"flos,floris",fleur
"meritum,meriti","prix,salaire,paiement,service,m�fait"
"patientia,patentiae","endurance,patience"
"progredior,progrederis,progredi,progressus sum",s'avancer
quando,"quand,lorsque,puisque,quelquefois"
"saevio,saevis,saevire,saevii,saevitum","�tre furieux,�tre cruel"
"salvus,salva,salvum","entier,sain,sauf,intact"
"sanus,sana,sanum",sain
"tyrannus,tyranni","tyran,despote,monarque"
"vallum,valli",palissade
bis,deux fois
"bos,bovis","boeuf,vache"
"cruentus,cruenta,cruentum",sanglant
"firmo,firmas,firmare,firmavi,firmatum","affermir,fermer,cicatriser"
"lacus,lacus","lac,bassin,citerne,auge"
"pinguis,pinguis,pingue","gras,fertile,riche,lourdaud,lent,stupide"
"quatio,quatis,quatere,quassum","secouer,agiter,casser"
"trepidus,trepidi",qui tr�pigne
"triumphus,triumphi",triomphe
"vena,venae","veine,pouls,c�ur"
"aestas,aestatis",�t�
"cantus,cantus",chant
"duro,duras,durare,duravi,duratum",durer
"extollo,extollis,extollere,extuli","�lever,exalter"
"frigidus,frigida,frigidum",froid
"intervallum,intervalli","distance,espace,intervalle,pause"
"lectus,lectus",lecture
"lenis,lenis,lene",doux
"nex,necis","meurtre,mort violente"
"poeta,poetae",po�te
"projicio,projicis,projicere,projeci,projectum","jeter en avant,projeter"
"quietus,quieta,quietum",repos�
quinque,cinq
"recuso,recusas,recusare,recusavi,recusatum","r�cuser,refuser"
"spolium,spolii","d�pouille,butin"
"conscius,conscia,conscium","confident,complice,conscient"
"fari,fatus sum",parler
"hospes,hospitis",h�te
"imber,imbris",pluie
"juventus,juventutis","jeunesse,ensemble des jeunes"
libenter,"volontiers,avec plaisir"
"loco,locas,locare,locavi,locatum","placer,louer"
"occido,occidis,occidere,occidi,occasum","tomber,mourir"
palam,ouvertement
"produco,producis,producere,produxi,productum",produire
"subduco,subducis,subducere,subduxi,subductum","retirer,soustraire,enlever,mettre sous"
totiens,autant de fois
"vadum,vadi","gu�,passe"
"verber,verberis","baguette,fouet,lani�re,verge"
"castellum,castelli","place forte,ch�teau"
circum,"autour de,� propos de"
"conjungo,conjungi,conjungere,conjunxi,conjuctum","lier ensemble,joindre,unir"
"fiducia,fiduciae","confiance assurance,audace"
"gemitus,gemitus","g�missement,bruit"
"indignus,indigna,indignum","indigne,inconvenant"
"induo,induis,induere,indui,indutum","rev�tir,mettre sur soi"
"luna,lunae",lune
"majestas,majestatis","grandeur,majest�"
"praemitto,praemittis,praemittere,praemisi,praemissum",envoyer
"purus,pura,purum","pur,sans m�lange"
"rideo,rides,ridere,risi,risum","rire,sourire,se moquer"
"secretus,secreta,secretum","mis � l'�cart,secret"
"timidus,timida,timidum",craintif
"trepido,trepidas,trepidare,trepidavi,trepidatum","tr�pigner,s'agiter,trembler"
"utilitas,utilitatis","utilit�,usage,int�r�t"
"arcus,arcus","arc,arche"
"circumvenio,circumvenis,circumvenire,circumveni,circumventum","venir autour,entourer,abuser"
"commoveo,commoves,commovere,commovi,commotum","secouer,�mouvoir"
"comparo,comparas,comparare,comparavi,comparatum",comparer
"gemo,gemis,gemere,gemui,gemitum","g�mir,se plaindre"
"immitto,immittis,immittere,immisi,immissum","envoyer vers,envoyer contre,laisser aller"
"libertus,liberti",affranchi
"licentia,licentiae","permission,licence,libert�"
"mensis,mensis",mois
"offendo,offendis,offendere,offendi,offensum","heurter,offenser"
"porrigo,porrigis,porrigere,porrexi,porrectum","pr�senter,tendre,�trendre,diriger en avant,offrir"
quidni,pourquoi non
"supervacuus,supervacua,supervacuum","inutile,superflu,surabondant"
"appeto,appetis,appetere,appetivi,appetitum","accaparer,convoiter,attaquer"
"argumentum,argumenti","argument,preuve,raison,mati�re"
"compleo,comples,complere,complevi,completum","combler,remplir,compl�ter,garnir"
"comprehendo,comprehendis,comprehendere,comprehensi,comprehensum",comprendre
"confirmo,confirmas,confirmare,confirmavi,confirmatum","affermir,confirmer,rassurer,certifier"
"crudelitas,crudelitatis",cruaut�
"expeditus,expedita,expeditum","l�g�rement charg�,�quip� � la l�g�re"
"illustris,illustris,illustre","lumineux,illustre"
"munitio,munitionis","rempart,fortification,retranchement"
"pronus,prona,pronum",qui penche en avant
"rudis,rudis,rude","brut,inculte,inexp�riment�"
"servitium,servitii","condition d'esclave,esclaves"
ter,"troisi�mement,trois fois"
"testor,testaris,testari,testatus sum","t�moigner,�tre t�moin,attester"
"viscus,visceris","visc�re,intestin,entrailles,c�ur"
"acerbus,acerba,acerbum","cruel,impitoyable,acerbe,�pre"
"umor,umoris","humidit�,liquide,eau,humeur"
"audax,audacis","audacieux,effront�,impudent"
"caveo,caves,cavere,cavi,cautum","prendre garde,veiller sur"
"digitus,digiti",doigt
"exprimo,exprimis,exprimere,expressi,expressum","articuler,reproduire,exprimer,extraire"
"facultas,facultatis",facult�
"minister,ministri",serviteur
"pelagus,pelagi",mer
"potior,potius,potioris","plus puissant,pr�f�rable"
"quantus,quanta,quantum",aussi grand que
"quartus,quarta,quartum","quart,quatri�me"
"siccus,sicca,siccum",sec
"stirps,stirpis","souche,origine,rejeton,descendance"
subinde,"imm�diatement apr�s,souvent"
"thalamus,thalami","chambre,couche,mariage"
"versor,versaris,versari,versatus sum","se trouver dans,s'occuper �,�tre vers� dans,consister en"
"attollo,attollis,attollere",�lever
"carpo,carpis,carpere,carpsi,carptum","arracher,d�chirer,cueillir"
"coerceo,coerces,coercere,coercui,coercitum","enfermer,r�fr�ner,reprimer"
"confiteor,confiteris,confiteri,confessus sum","avouer,confesser"
"exsequor,exsequeris,exsequi,exsecutus sum","poursuivre,ex�cuter"
"fletus,fletus",pleur
"iners,inertis","sans habilet�,sans m�tier,inerte,paresseux"
"injicio,injicis,injicere,injeci,injectum","jeter dans,injecter"
"manifestus,manifesta,manifestum","manifeste,palpable,�vident,convaincu de"
"misericordia,misericordiae","mis�ricorde,piti�,compassion"
"naturalis,naturalis,naturale",naturel
nempe,n'est-ce pas
"nix,nivis",neige
"simulo,simulas,simulare,simulavi,simulatum","copier,imiter,feindre,simuler"
"tabula,tabulae","planche,placard,tablette,tableau,banc,carreau"
"tympanum,tympani","tambourin,tympan,panneau"
"venter,ventris",ventre
"vexo,vexas,vexare,vexavi,vexatum","accabler,tourmenter,maltraiter,harceler"
"coeo,cois,coire,coii,coitum",aller ensemble
"comitor,comitaris,comitari,comitatus sum",accompagner
"foedus,foederis","trait�,alliance"
"formido,formidinis",�pouvante
neve,"et ne pas,ni"
"ostento,ostentas,ostentare,ostentavi,ostentatum","offrir,montrer avec ostentation"
"propositum,propositi","dessein,intention,projet,plan,proposition,sujet"
"restituo,restituis,restituere,restitui,restitutum","r�tablir,remettre,rendre,restituer"
retro,en arri�re
"subigo,subigis,subigere,subegi,subactum","pousser dessous,mettre au joug,soumettre,labourer"
acriter,violemment
"actio,actionis","plaidoyer,action"
"dissero,diseris,diserere,disserui,disertum","s'expliquer,disserter"
equidem,"assur�ment,certainement,certes,sans doute"
"exsul,exsulis",exil�
"mergo,mergis,mergere,mersi,mersum","plonger,enfoncer,immerger,engloutir"
"ortus,ortus","naissance,origine"
plerumque,la plupart du temps
ubique,partout
"vigilia,vigiliae",veille
"violo,violas,violare,violavi,violatum","maltraiter,ravager,d�truire"
"capillus,capilli",cheveu
"commeatus,commeatus","transport,convoi,ordre,permission,cong�"
"conscribo,conscribis,conscribere,conscripsi,conscriptum","inscrire ensemble,inscrire"
"continuus,continua,continuum",continu
"festinus,festina,festinum","qui se h�te,prompt"
"laetitia,laetitiae","joie,liesse"
"lucus,luci",bois sacr�
"merces,mercedis",marchandise
"munimentum,munimenti","rempart,fortification"
nimium,"trop,beaucoup,excessivement"
penitus,"tout au fond,� l'int�rieur"
"potis,potis,pote","ma�tre de,capable de,possible,qui a le pouvoir sur"
"praecipuus,praecipua,praecipuum",principal
"quisnam,quaenam,quidnam",qui donc
"repono,reponis,reponere,reposui,repositum","reposer,remettre,mettre de c�t�,substituer"
"solidus,solida,solidum",solide
"concupisco,concupiscis,concupiscere,concupivi,concupii,concupitum",d�sirer
"constantia,constantiae","fermet�,constance"
"decretum,decreti","d�cision,d�cret"
fortasse,par hasard
"passus,passus","enjamb�e,pas"
"perfectus,perfecta,perfectum",achev�
"pernicies,perniciei","meurtre,mort,ruine"
"persuadeo,persuades,persuadere,persuasi,persuasum",persuader
"religio,religionis","lien religieux,serment"
tanto,"tant,autant,si,plus"
"vendo,vendis,vendere,vendidi,venditum",vendre
"accusator,accusatoris",accusateur
"aer,aeris",air
"armo,armas,armare,armavi,armatum",armer
circiter,environ
"concito,concitas,concitare,concitavi,concitatum","exciter,presser,soulever"
"conjicio,conjicis,conjicere,conjeci,conjectum","jeter ensemble,conjecturer"
"disciplina,disciplinae","enseignement,discipline,formation"
"extendo,extendis,extendere,extendi,extensum,extentum","allonger,�tendre,d�ployer,d�velopper"
"invictus,invicta,invictum","invaincu,invincible"
"negligo,negligis,negligere,neglexi,neglectum","d�daigner,n�gliger"
"origo,originis",origine
"persevero,perseveras,perseverare,perseveravi,perseveratum","pers�v�rer,continuer,poursuivre"
quanto,"plus plus,d'autant que,autant que"
"serus,sera,serum","tardif,tard,du soir"
"adjungo,adjungis,adjungere,adjunxi,adjunctum",adjoindre
"adulescens,adulescentis",jeune homme
"amans,amantis","amant,amante"
"arduus,ardua,arduum","haut,�l�v�,abrupt"
"concutio,concutis,concutere,concussi,concussum","secouer violemment,terroriser"
"curia,curiae","curie,s�nat"
"fulgeo,fulges,fulgere,fulsi","briller,faire des �clairs"
"insum,ines,inesse,infui","�tre dans,�tre contenu dans"
"munio,munis,munire,munii,munivi,munitum","fortifier,munir"
"navigium,navigii","b�timent,vaisseau"
"onero,oneras,onerare,oneravi,oneratum",charger
"pestis,pestis","maladie,�pid�mie,peste"
"philosophus,philosophi","philosophe,sage"
"prospicio,prospicis,prospicere,prospexi,prospectum",pr�voir
refert,il importe
"segnis,segnis,segne","lent,paresseux"
"societas,societatis","association,compagnie,alliance,soci�t�"
"submitto,submittis,submittere,submisi,submissum","envoyer,soumettre"
"agger,aggris","rempart,digue,route"
"aspectus,aspectus","aspect,regard,vue,vision"
"decedo,decedis,decedere,decessi,decessum","mourir,d�c�der"
"expleo,exples,explere,explevi,expletum","assouvir,satisfaire,combler,remplir"
"immanis,immanis,immane","m�chant,cruel,effroyable,�norme"
"irritus,irrita,irritum","qui ne compte pas,vain,sans effet,persuad� que"
"justitia,justitiae",justice
"mortalis,mortalis,mortale","mortel,humain"
"palma,palmae",palme
"poculum,poculi",coupe
"rapidus,rapida,rapidum","qui emporte,qui entra�ne,rapide,imp�tueux"
"sacerdos,sacerdotis",pr�tre
"stella,stellae",�toile
"succedo,succedis,succedere,successi,successum",succ�der
"abscondo,abscondis,abscondere,abscondi,abscondidi,absconsum,absconditum","ensevelir,cacher"
"abstineo,abstines,abstinere,abstinui,abstentum","se tenir � l'�cart,s'abstenir"
alias,"une autre fois,autrement"
"angustia,angustiae","d�fil�,resserrement,g�ne,concision"
"arcesso,arcessis,arcessere,arcessivi,arcessitum",faire venir
"castus,casta,castum","instruit,bien �l�v�,pur"
"frons,frondis","feuillage,frondaison"
"habito,habitas,habitare,habitavi,habitatum",habiter
"hasta,hastae","lance,pique"
"hiberna,hibernae",quartiers d'hiver
"idoneus,idonea,idoneum","appropri�,convenable,suffisant,propre �"
"impetro,impetras,impetrare,impetravi,impetratum","terminer,achever,finir"
"magnificus,magnifica,magnificum","magnifique,g�n�reux,fastueux,noble"
"pavidus,pavida,pavidum","�pouvantable,�pouvant�"
"penates,penatium",Penates
"puppis,puppis","poupe,arri�re du bateau"
"sapiens,sapientis","intelligent,sage"
sex,six
"sitis,sitis",soif
"terminus,termini","borne,terme,divinit�,limite,extr�mit�"
viginti,vingt
"evocatio,evocationis","�vocation,lev�e"
"Lares,Larium,Larum","Lares,foyer"
"villa,villae","ferme,maison de campagne"
"martyrium,martyrii","martyre,tombe"
liberales artes,"beaux arts,belles lettres,culture liberale"
"auspicium,auspicii",auspice
"rusticus,rustica,rusticum","campagnard,grossier"
"magia,magiae",magie
"omen,ominis",pr�sage
"Manes,Manium",M�nes
"infans,infantis",enfant
"libatio,libationis",libation
"Genius,Genii","g�nie,divinit� tut�laire,protecteur,inclinaison,appetit"
"histrio,histrionis","histrion,mime,acteur,comédien"
"supplicatio,supplicationis","prière publique,action de grâce"
"persona,personae","masque,personnage,personne"
"superstitio,superstitionis",superstition
"spectrum,spectri","spectre,simulacre,idole"
"sacramentum,sacramenti","serment,sacrement"
"Inferi,Inferorum","ceux d'en dessous,les dieux infernaux,les habitants des enfers"
"faber,fabri",ouvrier
"fabula,fabulae","conversation,récit,pièce"
"cliens,clientis","client,protégé"
homo novus,"homme nouveau,nouveau venu"
"patres,patrorum",sénateurs
"Tartarus,Tartari","Enfers,Tartare"
"triclinium,triclinii",salle à manger
"peregrinus,peregrini",voyageur
"balneum,balnei",bain
"fastus,fasta,fastum","autorisé par les dieux,faste"
bonae artes,"les bonnes qualités,les vertus,le bien"
"hostia,hostiae","victime expiatoire,victime"
"rubor,ruboris","honte,pudeur"
"augustus,augusta,augustum","indiqué par les augures,auguste"
"recitatio,recitationis",lecture à haute voix
"ferocitas,ferocitatis","fierté,orgueil"
"patronus,patroni","patron,avocat"
"latifundium,latifundii",propriété étendue
"humanitas,humanitatis",humanité
"cena,cenae","dîner,souper"
pax romana,paix romaine
"scaena,scaenae","tente,abri,scène"
"pomerium,pomerii","boulevard extérieur,espace consacré hors de la ville"
"urbanus,urbana,urbanum","poli,fin,spirituel,bien élevé"
mos majorum,coutume des anciens
"fanum,fani",temple
"populares,popularium",parti du peuple
"circus,circi",cirque
"divinatio,divinationis","divination,prophétie,pressentiment,débat"
"augurium,augurii","augure,prédiction"
"matrona,matronae",matrone
"prodigium,prodigii","signe,prodige"
"discipulus,discipuli",disciple
"toga,togae","toge,vêtement"
"colonia,coloniae",colonie
"haruspex,haruspicis",haruspice
optimates,"optimales,parti des meilleurs"
"feriae,feriarum","jours de fête, jours de repos"
"orchestra,orchestrae","orchestre,estrade"
"pontifex,pontificis","pontife,faiseur de pont"
"concordia,concordiae","accord,concorde"
"indigena,indignae",indigène
"graeculus,graeculi","grec,méchant grec"
"musica,musicae",musique
"pirata,piratae",pirate
"magister,magistri","maître,professeur"
"amica,amicae",amie
